 ,Label,Area,Mean,StdDev,Perim.,BX,BY,Width,Height,Circ.,AR,Round,Solidity
1,Result of 0h_nonlightexposed_A1 Region1_Merged_RAW_ch01.tif:00130-13973,6.668,3.400,0.279,9.356,4473.984,40.035,2.883,3.203,0.957,1.067,0.938,0.897
2,Result of 0h_nonlightexposed_A1 Region1_Merged_RAW_ch01.tif:01140-12566,0.308,2.099,0.086,1.812,4024.312,364.798,0.641,0.641,1.000,1.464,0.683,0.857
3,Result of 0h_nonlightexposed_A1 Region1_Merged_RAW_ch01.tif:01767-13681,11.079,4.113,0.409,12.184,4379.822,564.012,3.843,3.843,0.938,1.127,0.887,0.919
4,Result of 0h_nonlightexposed_A1 Region1_Merged_RAW_ch01.tif:02121-12843,31.389,1.396,0.825,21.760,4110.147,676.110,6.406,6.406,0.833,1.233,0.811,0.919
5,Result of 0h_nonlightexposed_A1 Region1_Merged_RAW_ch01.tif:02215-14434,15.797,1.042,0.116,20.667,4621.313,705.255,3.523,8.327,0.465,2.449,0.408,0.748
6,Result of 0h_nonlightexposed_A1 Region1_Merged_RAW_ch01.tif:02238-11839,12.720,1.271,0.389,13.122,3789.867,715.184,4.164,3.523,0.928,1.155,0.866,0.947
7,Result of 0h_nonlightexposed_A1 Region1_Merged_RAW_ch01.tif:02385-11518,6.360,2.430,0.245,9.919,3687.378,762.586,3.203,2.883,0.812,1.269,0.788,0.849
8,Result of 0h_nonlightexposed_A1 Region1_Merged_RAW_ch01.tif:02662-10572,0.103,1.872,0.000,1.281,3385.995,852.584,0.320,0.320,0.785,1.000,1.000,1.000
9,Result of 0h_nonlightexposed_A1 Region1_Merged_RAW_ch01.tif:02663-10575,0.103,1.912,0.000,1.281,3386.956,852.904,0.320,0.320,0.785,1.000,1.000,1.000
10,Result of 0h_nonlightexposed_A1 Region1_Merged_RAW_ch01.tif:02762-09882,14.464,1.472,0.705,14.371,3162.760,882.690,4.804,4.164,0.880,1.196,0.836,0.901
11,Result of 0h_nonlightexposed_A1 Region1_Merged_RAW_ch01.tif:02875-10108,13.643,1.002,0.007,14.183,3235.143,918.562,4.484,4.484,0.852,1.308,0.765,0.899
12,Result of 0h_nonlightexposed_A1 Region1_Merged_RAW_ch01.tif:02948-07594,9.642,1.410,0.631,11.466,2430.601,942.262,3.203,3.843,0.922,1.149,0.870,0.922
13,Result of 0h_nonlightexposed_A1 Region1_Merged_RAW_ch01.tif:03027-13752,49.443,5.055,1.052,28.586,4400.320,965.322,8.327,8.327,0.760,1.060,0.943,0.893
14,Result of 0h_nonlightexposed_A1 Region1_Merged_RAW_ch01.tif:03111-14165,0.821,1.619,0.134,2.905,4536.439,996.069,0.961,0.961,1.000,1.229,0.814,0.941
15,Result of 0h_nonlightexposed_A1 Region1_Merged_RAW_ch01.tif:03106-10759,18.156,1.005,0.017,15.917,3443.325,992.546,5.124,4.804,0.901,1.047,0.955,0.919
16,Result of 0h_nonlightexposed_A1 Region1_Merged_RAW_ch01.tif:03135-11349,16.515,2.120,1.009,15.995,3632.290,1001.514,5.124,5.124,0.811,1.044,0.957,0.880
17,Result of 0h_nonlightexposed_A1 Region1_Merged_RAW_ch01.tif:03239-07191,8.924,3.756,0.416,11.200,2301.529,1035.784,3.203,3.523,0.894,1.110,0.901,0.906
18,Result of 0h_nonlightexposed_A1 Region1_Merged_RAW_ch01.tif:03255-09579,25.029,3.414,1.206,19.353,3064.755,1039.627,6.406,6.085,0.840,1.291,0.774,0.900
19,Result of 0h_nonlightexposed_A1 Region1_Merged_RAW_ch01.tif:03291-17786,21.849,1.024,0.073,17.651,5694.249,1051.157,4.804,6.085,0.881,1.222,0.819,0.926
20,Result of 0h_nonlightexposed_A1 Region1_Merged_RAW_ch01.tif:03341-17189,39.903,5.125,1.090,24.212,5501.441,1066.531,7.687,7.046,0.855,1.215,0.823,0.916
21,Result of 0h_nonlightexposed_A1 Region1_Merged_RAW_ch01.tif:03932-13168,45.237,0.997,1.182E-4,25.384,4213.597,1255.496,7.687,8.007,0.882,1.305,0.766,0.939
22,Result of 0h_nonlightexposed_A1 Region1_Merged_RAW_ch01.tif:03948-11260,31.594,1.260,0.088,22.291,3603.465,1260.940,6.085,7.046,0.799,1.224,0.817,0.906
23,Result of 0h_nonlightexposed_A1 Region1_Merged_RAW_ch01.tif:03951-11259,90.782,1.203,0.096,40.661,3600.582,1259.659,11.210,11.850,0.690,1.223,0.817,0.880
24,Result of 0h_nonlightexposed_A1 Region1_Merged_RAW_ch01.tif:04084-09810,29.440,1.947,0.918,20.822,3138.419,1305.139,7.046,6.085,0.853,1.096,0.912,0.910
25,Result of 0h_nonlightexposed_A1 Region1_Merged_RAW_ch01.tif:04098-10951,15.489,1.051,0.126,14.371,3505.459,1309.943,3.843,5.124,0.942,1.273,0.786,0.938
26,Result of 0h_nonlightexposed_A1 Region1_Merged_RAW_ch01.tif:04168-16038,0.308,5.832,0.679,2.562,5136.643,1334.605,0.320,0.961,0.589,3.000,0.333,1.000
27,Result of 0h_nonlightexposed_A1 Region1_Merged_RAW_ch01.tif:04166-16046,22.773,3.254,2.016,32.288,5135.041,1330.761,8.648,7.046,0.275,1.498,0.668,0.563
28,Result of 0h_nonlightexposed_A1 Region1_Merged_RAW_ch01.tif:04295-22004,1.539,1.463,0.103,4.452,7046.790,1374.960,1.281,1.601,0.976,1.486,0.673,0.857
29,Result of 0h_nonlightexposed_A1 Region1_Merged_RAW_ch01.tif:04317-13526,11.797,1.910,0.313,12.372,4330.179,1380.725,3.843,3.843,0.969,1.018,0.983,0.931
30,Result of 0h_nonlightexposed_A1 Region1_Merged_RAW_ch01.tif:04343-13247,70.061,1.106,0.260,31.867,4237.938,1386.490,9.929,9.288,0.867,1.160,0.862,0.943
31,Result of 0h_nonlightexposed_A1 Region1_Merged_RAW_ch01.tif:04369-13387,8.514,1.054,0.052,11.919,4285.980,1397.700,3.523,3.523,0.753,1.172,0.853,0.818
32,Result of 0h_nonlightexposed_A1 Region1_Merged_RAW_ch01.tif:04456-11335,71.600,1.020,0.059,32.961,3626.205,1421.721,8.648,10.890,0.828,1.245,0.803,0.939
33,Result of 0h_nonlightexposed_A1 Region1_Merged_RAW_ch01.tif:04456-14318,90.988,1.118,0.280,37.302,4580.317,1421.721,11.210,10.890,0.822,1.129,0.886,0.931
34,Result of 0h_nonlightexposed_A1 Region1_Merged_RAW_ch01.tif:05059-14798,22.260,2.522,0.710,17.917,4736.934,1617.412,5.445,5.765,0.871,1.114,0.897,0.910
35,Result of 0h_nonlightexposed_A1 Region1_Merged_RAW_ch01.tif:05333-03646,17.028,1.036,0.090,15.730,1165.177,1705.809,5.124,4.804,0.865,1.078,0.928,0.892
36,Result of 0h_nonlightexposed_A1 Region1_Merged_RAW_ch01.tif:05337-13070,8.001,1.738,0.168,10.638,4184.452,1707.730,3.523,3.203,0.889,1.226,0.815,0.891
37,Result of 0h_nonlightexposed_A1 Region1_Merged_RAW_ch01.tif:05402-14639,27.799,1.004,0.023,19.948,4686.009,1726.947,5.445,6.406,0.878,1.286,0.778,0.936
38,Result of 0h_nonlightexposed_A1 Region1_Merged_RAW_ch01.tif:05488-14100,16.720,2.199,0.376,16.183,4513.379,1755.452,5.445,4.804,0.802,1.184,0.845,0.874
39,Result of 0h_nonlightexposed_A1 Region1_Merged_RAW_ch01.tif:05823-13986,29.850,2.118,1.033,21.696,4475.906,1861.464,7.366,7.046,0.797,1.136,0.880,0.877
40,Result of 0h_nonlightexposed_A1 Region1_Merged_RAW_ch01.tif:06061-17157,7.386,2.525,0.222,12.449,5493.114,1939.613,4.164,3.203,0.599,1.981,0.505,0.783
41,Result of 0h_nonlightexposed_A1 Region1_Merged_RAW_ch01.tif:06075-18341,26.465,1.031,0.066,20.104,5871.364,1942.815,6.085,6.085,0.823,1.154,0.867,0.910
42,Result of 0h_nonlightexposed_A1 Region1_Merged_RAW_ch01.tif:06083-13963,69.036,0.996,0.005,31.117,4467.259,1943.776,9.929,9.288,0.896,1.056,0.947,0.949
43,Result of 0h_nonlightexposed_A1 Region1_Merged_RAW_ch01.tif:06180-14565,1.744,2.350,0.136,5.998,4664.230,1978.046,1.281,2.562,0.609,2.849,0.351,0.756
44,Result of 0h_nonlightexposed_A1 Region1_Merged_RAW_ch01.tif:06203-12561,2.154,1.002,1.241E-4,5.358,4022.070,1986.053,1.922,1.601,0.943,1.393,0.718,0.840
45,Result of 0h_nonlightexposed_A1 Region1_Merged_RAW_ch01.tif:06201-11035,36.108,1.018,0.049,22.478,3531.082,1982.530,6.406,7.366,0.898,1.195,0.837,0.937
46,Result of 0h_nonlightexposed_A1 Region1_Merged_RAW_ch01.tif:06233-16340,20.721,1.018,0.068,17.089,5230.805,1993.740,5.445,5.445,0.892,1.276,0.784,0.922
47,Result of 0h_nonlightexposed_A1 Region1_Merged_RAW_ch01.tif:06338-09465,9.848,0.999,1.275E-4,12.106,3029.844,2028.330,3.523,3.523,0.844,1.154,0.867,0.897
48,Result of 0h_nonlightexposed_A1 Region1_Merged_RAW_ch01.tif:06407-18054,8.617,1.445,0.103,11.996,5780.725,2050.109,3.523,4.164,0.752,1.586,0.631,0.848
49,Result of 0h_nonlightexposed_A1 Region1_Merged_RAW_ch01.tif:06422-02099,3.180,1.280,0.297,7.279,671.306,2055.874,2.242,2.242,0.754,1.224,0.817,0.816
50,Result of 0h_nonlightexposed_A1 Region1_Merged_RAW_ch01.tif:06498-03240,1.334,1.014,0.016,3.999,1037.065,2080.536,1.281,1.281,1.000,1.093,0.915,0.897
51,Result of 0h_nonlightexposed_A1 Region1_Merged_RAW_ch01.tif:06549-09654,1.744,0.999,6.406E-5,4.905,3091.018,2096.870,1.922,1.281,0.911,1.434,0.697,0.872
52,Result of 0h_nonlightexposed_A1 Region1_Merged_RAW_ch01.tif:06557-14830,15.284,1.004,0.008,14.449,4747.183,2098.151,5.124,4.164,0.920,1.165,0.858,0.923
53,Result of 0h_nonlightexposed_A1 Region1_Merged_RAW_ch01.tif:06641-12940,165.768,1.061,0.099,49.409,4137.691,2119.289,13.772,15.373,0.853,1.117,0.895,0.955
54,Result of 0h_nonlightexposed_A1 Region1_Merged_RAW_ch01.tif:06658-16324,18.156,1.340,0.180,16.480,5226.001,2129.859,4.484,5.445,0.840,1.269,0.788,0.910
55,Result of 0h_nonlightexposed_A1 Region1_Merged_RAW_ch01.tif:06689-12402,23.183,3.640,0.860,18.137,3969.544,2139.787,5.124,5.445,0.886,1.059,0.945,0.942
56,Result of 0h_nonlightexposed_A1 Region1_Merged_RAW_ch01.tif:06722-03349,4.924,1.062,0.082,8.185,1071.335,2151.638,2.562,2.562,0.924,1.073,0.932,0.881
57,Result of 0h_nonlightexposed_A1 Region1_Merged_RAW_ch01.tif:06808-16553,1.436,1.060,0.050,5.545,5300.626,2180.143,2.242,0.961,0.587,2.661,0.376,0.737
58,Result of 0h_nonlightexposed_A1 Region1_Merged_RAW_ch01.tif:06807-04173,22.054,0.996,1.085E-4,17.651,1333.964,2177.580,5.445,5.445,0.889,1.214,0.824,0.921
59,Result of 0h_nonlightexposed_A1 Region1_Merged_RAW_ch01.tif:06922-15353,27.491,1.472,0.435,19.463,4914.369,2213.772,5.765,6.406,0.912,1.022,0.979,0.934
60,Result of 0h_nonlightexposed_A1 Region1_Merged_RAW_ch01.tif:07056-10634,67.292,1.071,0.272,30.211,3401.368,2255.088,8.968,9.608,0.927,1.081,0.925,0.960
61,Result of 0h_nonlightexposed_A1 Region1_Merged_RAW_ch01.tif:07273-14703,0.308,3.315,0.264,1.812,4708.749,2329.073,0.641,0.641,1.000,1.464,0.683,0.857
62,Result of 0h_nonlightexposed_A1 Region1_Merged_RAW_ch01.tif:07344-03126,12.412,1.226,0.140,22.556,997.350,2350.211,7.687,4.164,0.307,2.328,0.430,0.511
63,Result of 0h_nonlightexposed_A1 Region1_Merged_RAW_ch01.tif:07442-06542,21.542,2.131,0.602,17.011,2092.706,2380.958,5.124,5.445,0.935,1.070,0.935,0.940
64,Result of 0h_nonlightexposed_A1 Region1_Merged_RAW_ch01.tif:07521-14320,16.515,1.990,0.434,15.012,4584.481,2406.260,4.164,5.124,0.921,1.262,0.793,0.931
65,Result of 0h_nonlightexposed_A1 Region1_Merged_RAW_ch01.tif:07658-04131,6.770,2.425,0.557,9.654,1321.794,2451.099,2.562,3.203,0.913,1.342,0.745,0.930
66,Result of 0h_nonlightexposed_A1 Region1_Merged_RAW_ch01.tif:07691-13310,37.441,1.227,0.480,23.837,4259.397,2460.067,7.366,6.726,0.828,1.150,0.870,0.911
67,Result of 0h_nonlightexposed_A1 Region1_Merged_RAW_ch01.tif:07750-15867,23.183,1.011,0.026,18.370,5078.672,2479.604,6.406,5.124,0.863,1.414,0.707,0.911
68,Result of 0h_nonlightexposed_A1 Region1_Merged_RAW_ch01.tif:07790-13390,14.977,1.000,0.004,15.089,4285.980,2492.735,5.124,4.484,0.827,1.414,0.707,0.888
69,Result of 0h_nonlightexposed_A1 Region1_Merged_RAW_ch01.tif:07892-08521,10.873,1.000,1.226E-4,12.372,2726.860,2526.044,4.484,3.203,0.893,1.439,0.695,0.922
70,Result of 0h_nonlightexposed_A1 Region1_Merged_RAW_ch01.tif:07922-10325,4.001,1.015,0.038,7.092,3305.925,2536.293,2.242,2.242,1.000,1.089,0.919,0.907
71,Result of 0h_nonlightexposed_A1 Region1_Merged_RAW_ch01.tif:07967-14370,8.411,1.274,0.112,12.184,4601.135,2549.745,2.883,4.164,0.712,1.450,0.690,0.816
72,Result of 0h_nonlightexposed_A1 Region1_Merged_RAW_ch01.tif:08041-05789,23.901,1.007,0.014,18.900,1851.216,2572.485,5.765,6.085,0.841,1.045,0.957,0.891
73,Result of 0h_nonlightexposed_A1 Region1_Merged_RAW_ch01.tif:08137-05627,29.953,1.034,0.059,20.291,1799.330,2602.912,6.085,6.406,0.914,1.084,0.922,0.937
74,Result of 0h_nonlightexposed_A1 Region1_Merged_RAW_ch01.tif:08318-02409,9.437,1.004,0.038,11.919,769.311,2662.804,4.484,2.883,0.835,1.544,0.648,0.893
75,Result of 0h_nonlightexposed_A1 Region1_Merged_RAW_ch01.tif:08459-13608,20.311,4.138,1.025,18.900,4355.481,2706.362,6.085,5.765,0.714,1.296,0.772,0.832
76,Result of 0h_nonlightexposed_A1 Region1_Merged_RAW_ch01.tif:08487-17540,0.718,1.886,0.512,5.124,5616.742,2718.212,2.242,0.320,0.344,7.000,0.143,1.000
77,Result of 0h_nonlightexposed_A1 Region1_Merged_RAW_ch01.tif:08724-14310,9.642,1.063,0.117,11.731,4581.278,2792.517,3.843,3.523,0.880,1.193,0.838,0.891
78,Result of 0h_nonlightexposed_A1 Region1_Merged_RAW_ch01.tif:08734-03031,37.441,1.028,0.086,23.307,967.564,2793.798,6.726,7.046,0.866,1.099,0.910,0.937
79,Result of 0h_nonlightexposed_A1 Region1_Merged_RAW_ch01.tif:08762-09573,20.311,1.012,0.033,16.558,3063.473,2804.047,5.445,4.804,0.931,1.125,0.889,0.936
80,Result of 0h_nonlightexposed_A1 Region1_Merged_RAW_ch01.tif:08786-13384,29.235,1.033,0.082,20.026,4283.738,2811.093,6.085,6.085,0.916,1.024,0.977,0.939
81,Result of 0h_nonlightexposed_A1 Region1_Merged_RAW_ch01.tif:08995-02314,35.390,1.002,0.023,21.916,737.924,2877.391,6.726,7.046,0.926,1.035,0.966,0.944
82,Result of 0h_nonlightexposed_A1 Region1_Merged_RAW_ch01.tif:09028-14257,18.977,1.292,0.301,16.370,4563.342,2889.241,5.765,4.484,0.890,1.375,0.727,0.923
83,Result of 0h_nonlightexposed_A1 Region1_Merged_RAW_ch01.tif:09069-06101,6.565,1.008,1.230E-4,9.279,1952.744,2903.334,2.883,2.883,0.958,1.111,0.900,0.908
84,Result of 0h_nonlightexposed_A1 Region1_Merged_RAW_ch01.tif:09181-20282,4.513,2.234,0.438,8.451,6494.628,2939.205,2.883,2.562,0.794,1.547,0.646,0.830
85,Result of 0h_nonlightexposed_A1 Region1_Merged_RAW_ch01.tif:09244-12029,9.130,1.398,0.233,11.809,3850.720,2959.062,4.164,3.523,0.823,1.135,0.881,0.856
86,Result of 0h_nonlightexposed_A1 Region1_Merged_RAW_ch01.tif:09359-08149,87.705,1.012,0.040,36.053,2604.833,2992.051,10.569,10.890,0.848,1.044,0.958,0.936
87,Result of 0h_nonlightexposed_A1 Region1_Merged_RAW_ch01.tif:09481-08718,0.615,0.998,1.345E-4,3.093,2791.556,3036.250,1.281,0.641,0.809,1.809,0.553,0.857
88,Result of 0h_nonlightexposed_A1 Region1_Merged_RAW_ch01.tif:09531-07155,1.949,2.309,0.456,6.076,2290.639,3051.623,1.922,2.242,0.663,2.073,0.482,0.704
89,Result of 0h_nonlightexposed_A1 Region1_Merged_RAW_ch01.tif:09653-15049,0.923,1.982,0.318,4.905,4819.246,3091.018,1.601,1.281,0.482,1.871,0.535,0.621
90,Result of 0h_nonlightexposed_A1 Region1_Merged_RAW_ch01.tif:09663-15033,32.005,1.376,0.541,41.644,4808.036,3091.978,13.772,6.085,0.232,2.475,0.404,0.520
91,Result of 0h_nonlightexposed_A1 Region1_Merged_RAW_ch01.tif:09698-02568,0.410,4.188,0.241,2.452,822.157,3105.750,0.961,0.641,0.857,2.031,0.492,0.800
92,Result of 0h_nonlightexposed_A1 Region1_Merged_RAW_ch01.tif:09763-14314,1.949,1.240,0.072,5.092,4583.520,3126.248,1.922,1.281,0.944,1.441,0.694,0.884
93,Result of 0h_nonlightexposed_A1 Region1_Merged_RAW_ch01.tif:09775-08353,11.694,2.046,0.337,12.825,2673.053,3129.131,4.484,3.523,0.893,1.298,0.770,0.912
94,Result of 0h_nonlightexposed_A1 Region1_Merged_RAW_ch01.tif:09827-16084,168.742,1.042,0.174,49.784,5144.009,3139.700,15.053,15.373,0.856,1.034,0.967,0.946
95,Result of 0h_nonlightexposed_A1 Region1_Merged_RAW_ch01.tif:09971-08467,15.489,3.134,0.419,16.526,2709.244,3190.945,5.445,5.124,0.713,1.335,0.749,0.818
96,Result of 0h_nonlightexposed_A1 Region1_Merged_RAW_ch01.tif:10029-11309,0.718,1.517,0.039,4.639,3621.721,3211.122,0.961,1.922,0.419,4.122,0.243,0.583
97,Result of 0h_nonlightexposed_A1 Region1_Merged_RAW_ch01.tif:10048-07254,18.156,1.087,0.225,15.917,2321.066,3215.606,4.804,5.124,0.901,1.067,0.937,0.915
98,Result of 0h_nonlightexposed_A1 Region1_Merged_RAW_ch01.tif:10115-16945,68.523,1.057,0.166,30.773,5422.973,3234.823,8.648,9.929,0.909,1.204,0.831,0.959
99,Result of 0h_nonlightexposed_A1 Region1_Merged_RAW_ch01.tif:10266-08945,16.926,1.221,0.248,15.464,2862.658,3285.427,4.484,5.124,0.889,1.080,0.926,0.914
100,Result of 0h_nonlightexposed_A1 Region1_Merged_RAW_ch01.tif:10269-10902,12.412,1.008,0.035,13.543,3489.445,3287.029,4.484,4.164,0.850,1.296,0.772,0.883
101,Result of 0h_nonlightexposed_A1 Region1_Merged_RAW_ch01.tif:10426-15180,37.441,0.999,0.007,23.572,4858.640,3335.711,6.406,7.366,0.847,1.166,0.857,0.930
102,Result of 0h_nonlightexposed_A1 Region1_Merged_RAW_ch01.tif:10454-09948,5.847,1.946,0.387,8.826,3184.859,3346.921,2.562,2.883,0.943,1.103,0.907,0.905
103,Result of 0h_nonlightexposed_A1 Region1_Merged_RAW_ch01.tif:10474-06184,15.592,1.439,0.687,15.730,1978.046,3352.366,5.124,4.484,0.792,1.122,0.892,0.866
104,Result of 0h_nonlightexposed_A1 Region1_Merged_RAW_ch01.tif:10567-12772,26.158,1.000,0.000,19.042,4088.048,3381.511,5.445,5.765,0.906,1.083,0.924,0.943
105,Result of 0h_nonlightexposed_A1 Region1_Merged_RAW_ch01.tif:10637-05790,19.593,1.828,0.932,16.558,1851.856,3404.251,5.124,5.124,0.898,1.224,0.817,0.923
106,Result of 0h_nonlightexposed_A1 Region1_Merged_RAW_ch01.tif:10643-03731,9.232,1.002,0.011,11.090,1193.361,3406.813,3.203,3.843,0.943,1.193,0.838,0.914
107,Result of 0h_nonlightexposed_A1 Region1_Merged_RAW_ch01.tif:10653-15471,0.718,1.986,0.121,2.905,4954.724,3411.617,0.961,0.961,1.000,1.069,0.936,0.875
108,Result of 0h_nonlightexposed_A1 Region1_Merged_RAW_ch01.tif:10716-06090,24.927,1.068,0.115,18.823,1947.620,3429.233,5.765,6.085,0.884,1.068,0.936,0.917
109,Result of 0h_nonlightexposed_A1 Region1_Merged_RAW_ch01.tif:10719-17075,83.499,1.379,0.560,35.303,5463.648,3427.631,10.249,10.890,0.842,1.048,0.955,0.936
110,Result of 0h_nonlightexposed_A1 Region1_Merged_RAW_ch01.tif:10795-14435,37.236,1.223,0.614,22.821,4619.712,3454.214,7.366,6.726,0.898,1.141,0.876,0.940
111,Result of 0h_nonlightexposed_A1 Region1_Merged_RAW_ch01.tif:10820-16931,17.849,1.052,0.103,16.105,5420.410,3462.862,4.804,5.124,0.865,1.095,0.913,0.904
112,Result of 0h_nonlightexposed_A1 Region1_Merged_RAW_ch01.tif:10876-04209,1.128,1.026,0.029,5.733,1347.416,3482.399,1.281,2.242,0.431,3.838,0.261,0.579
113,Result of 0h_nonlightexposed_A1 Region1_Merged_RAW_ch01.tif:10939-17425,1.026,4.482,0.332,3.358,5580.550,3502.897,0.961,1.281,1.000,1.551,0.645,0.909
114,Result of 0h_nonlightexposed_A1 Region1_Merged_RAW_ch01.tif:10957-16654,25.645,1.086,0.149,18.933,5331.373,3506.420,5.445,6.085,0.899,1.142,0.876,0.933
115,Result of 0h_nonlightexposed_A1 Region1_Merged_RAW_ch01.tif:11034-10312,8.514,1.720,0.217,10.825,3301.121,3532.363,3.523,3.203,0.913,1.512,0.661,0.917
116,Result of 0h_nonlightexposed_A1 Region1_Merged_RAW_ch01.tif:11129-03547,3.488,1.491,0.142,6.826,1135.071,3563.430,1.922,2.242,0.941,1.349,0.741,0.932
117,Result of 0h_nonlightexposed_A1 Region1_Merged_RAW_ch01.tif:11157-13497,19.080,1.005,0.015,16.558,4320.571,3570.796,4.804,5.445,0.875,1.240,0.806,0.910
118,Result of 0h_nonlightexposed_A1 Region1_Merged_RAW_ch01.tif:11298-06707,9.540,2.154,0.578,11.809,2146.513,3616.596,3.523,4.164,0.860,1.186,0.843,0.886
119,Result of 0h_nonlightexposed_A1 Region1_Merged_RAW_ch01.tif:11305-04331,12.515,1.055,0.130,13.918,1384.568,3619.158,5.445,3.203,0.812,2.032,0.492,0.924
120,Result of 0h_nonlightexposed_A1 Region1_Merged_RAW_ch01.tif:11359-16961,15.284,1.124,0.246,14.636,5430.019,3635.813,4.804,4.484,0.897,1.250,0.800,0.911
121,Result of 0h_nonlightexposed_A1 Region1_Merged_RAW_ch01.tif:11456-05455,7.078,2.241,0.563,10.715,1745.523,3667.521,3.523,3.523,0.775,1.568,0.638,0.836
122,Result of 0h_nonlightexposed_A1 Region1_Merged_RAW_ch01.tif:11474-15112,12.925,1.608,0.212,13.730,4838.142,3672.645,4.164,4.484,0.862,1.025,0.975,0.884
123,Result of 0h_nonlightexposed_A1 Region1_Merged_RAW_ch01.tif:11474-05629,54.572,1.107,0.163,27.118,1798.690,3670.723,8.327,8.327,0.933,1.026,0.974,0.957
124,Result of 0h_nonlightexposed_A1 Region1_Merged_RAW_ch01.tif:11487-08207,9.335,2.278,0.362,13.653,2625.972,3677.770,5.445,2.883,0.629,2.213,0.452,0.812
125,Result of 0h_nonlightexposed_A1 Region1_Merged_RAW_ch01.tif:11574-09774,41.032,0.996,1.271E-4,25.196,3127.209,3702.431,6.726,8.968,0.812,1.525,0.656,0.917
126,Result of 0h_nonlightexposed_A1 Region1_Merged_RAW_ch01.tif:11615-14351,9.232,4.292,1.301,12.715,4594.089,3718.445,4.484,3.523,0.718,1.461,0.684,0.814
127,Result of 0h_nonlightexposed_A1 Region1_Merged_RAW_ch01.tif:11629-17096,6.565,1.674,0.314,10.450,5473.897,3722.929,3.523,3.203,0.755,1.016,0.984,0.800
128,Result of 0h_nonlightexposed_A1 Region1_Merged_RAW_ch01.tif:11749-05041,12.002,1.014,0.030,13.543,1612.287,3761.042,4.804,3.843,0.822,1.254,0.798,0.857
129,Result of 0h_nonlightexposed_A1 Region1_Merged_RAW_ch01.tif:11914-06714,96.732,1.136,0.294,37.568,2144.592,3810.365,11.530,11.210,0.861,1.015,0.985,0.940
130,Result of 0h_nonlightexposed_A1 Region1_Merged_RAW_ch01.tif:11954-13709,9.745,1.089,0.117,11.996,4389.110,3826.700,3.523,4.164,0.851,1.373,0.728,0.888
131,Result of 0h_nonlightexposed_A1 Region1_Merged_RAW_ch01.tif:12039-10972,15.387,1.066,0.132,15.199,3511.544,3853.923,5.124,4.164,0.837,1.307,0.765,0.901
132,Result of 0h_nonlightexposed_A1 Region1_Merged_RAW_ch01.tif:12045-15102,9.027,1.604,0.164,11.200,4835.260,3856.165,3.523,3.203,0.904,1.241,0.806,0.917
133,Result of 0h_nonlightexposed_A1 Region1_Merged_RAW_ch01.tif:12169-16838,20.413,1.357,0.673,16.823,5390.304,3894.919,5.124,5.445,0.906,1.069,0.936,0.923
134,Result of 0h_nonlightexposed_A1 Region1_Merged_RAW_ch01.tif:12182-04431,27.183,1.180,0.271,19.386,1416.276,3898.762,6.085,5.765,0.909,1.080,0.926,0.938
135,Result of 0h_nonlightexposed_A1 Region1_Merged_RAW_ch01.tif:12245-14926,14.156,1.553,0.689,14.371,4778.250,3919.901,4.804,4.164,0.861,1.178,0.849,0.896
136,Result of 0h_nonlightexposed_A1 Region1_Merged_RAW_ch01.tif:12255-04883,42.057,1.486,0.512,24.290,1560.081,3921.502,7.687,7.366,0.896,1.097,0.911,0.938
137,Result of 0h_nonlightexposed_A1 Region1_Merged_RAW_ch01.tif:12383-05849,8.719,2.913,0.666,11.356,1871.393,3964.420,3.843,3.523,0.850,1.215,0.823,0.881
138,Result of 0h_nonlightexposed_A1 Region1_Merged_RAW_ch01.tif:12410-16378,28.312,1.566,0.910,19.729,5242.655,3971.466,5.765,6.726,0.914,1.089,0.918,0.934
139,Result of 0h_nonlightexposed_A1 Region1_Merged_RAW_ch01.tif:12474-13672,16.823,2.248,0.348,15.730,4376.299,3992.925,5.124,4.804,0.854,1.090,0.917,0.889
140,Result of 0h_nonlightexposed_A1 Region1_Merged_RAW_ch01.tif:12540-13926,14.669,1.021,0.061,14.106,4457.970,4014.383,4.484,4.164,0.926,1.040,0.962,0.932
141,Result of 0h_nonlightexposed_A1 Region1_Merged_RAW_ch01.tif:12588-18346,11.386,2.126,1.098,13.090,5873.606,4030.077,4.804,3.523,0.835,1.460,0.685,0.877
142,Result of 0h_nonlightexposed_A1 Region1_Merged_RAW_ch01.tif:12656-14544,27.286,1.000,0.000,19.463,4655.263,4050.575,6.085,6.085,0.905,1.093,0.915,0.932
143,Result of 0h_nonlightexposed_A1 Region1_Merged_RAW_ch01.tif:12712-10686,58.880,1.016,0.048,30.133,3418.023,4067.229,9.288,8.327,0.815,1.160,0.862,0.924
144,Result of 0h_nonlightexposed_A1 Region1_Merged_RAW_ch01.tif:12819-08505,94.578,1.008,1.307E-4,36.131,2718.532,4100.218,11.210,10.890,0.910,1.048,0.954,0.960
145,Result of 0h_nonlightexposed_A1 Region1_Merged_RAW_ch01.tif:12910-07975,11.489,1.044,0.079,12.372,2552.628,4132.887,3.523,4.164,0.943,1.122,0.891,0.926
146,Result of 0h_nonlightexposed_A1 Region1_Merged_RAW_ch01.tif:12949-11206,20.516,1.477,0.564,16.370,3586.490,4144.737,5.124,5.124,0.962,1.015,0.985,0.943
147,Result of 0h_nonlightexposed_A1 Region1_Merged_RAW_ch01.tif:12993-11275,8.104,2.248,0.337,10.747,3609.550,4160.110,3.523,2.883,0.882,1.122,0.891,0.908
148,Result of 0h_nonlightexposed_A1 Region1_Merged_RAW_ch01.tif:13298-13510,0.308,1.013,0.014,1.812,4326.656,4258.757,0.641,0.641,1.000,1.464,0.683,0.857
149,Result of 0h_nonlightexposed_A1 Region1_Merged_RAW_ch01.tif:13475-11924,46.879,0.995,0.006,26.024,3814.849,4311.923,8.327,7.687,0.870,1.316,0.760,0.939
150,Result of 0h_nonlightexposed_A1 Region1_Merged_RAW_ch01.tif:13644-16647,5.129,3.677,0.579,8.373,5330.732,4368.612,2.242,2.883,0.919,1.307,0.765,0.901
151,Result of 0h_nonlightexposed_A1 Region1_Merged_RAW_ch01.tif:13752-09200,32.928,1.542,1.018,22.025,2943.369,4401.281,6.406,6.726,0.853,1.092,0.916,0.926
152,Result of 0h_nonlightexposed_A1 Region1_Merged_RAW_ch01.tif:13789-19218,5.642,2.760,0.275,8.638,6153.850,4415.053,2.562,2.883,0.950,1.267,0.789,0.902
153,Result of 0h_nonlightexposed_A1 Region1_Merged_RAW_ch01.tif:13796-10532,0.205,0.998,0.000,1.922,3372.863,4418.576,0.641,0.320,0.698,2.000,0.500,1.000
154,Result of 0h_nonlightexposed_A1 Region1_Merged_RAW_ch01.tif:13931-07209,8.719,2.576,0.878,10.825,2307.294,4460.212,3.203,3.523,0.935,1.175,0.851,0.914
155,Result of 0h_nonlightexposed_A1 Region1_Merged_RAW_ch01.tif:13950-10156,24.311,0.998,1.036E-4,18.635,3250.196,4464.696,5.445,6.406,0.880,1.135,0.881,0.917
156,Result of 0h_nonlightexposed_A1 Region1_Merged_RAW_ch01.tif:14753-13368,3.693,1.164,0.157,8.263,4280.536,4723.482,2.242,3.203,0.680,1.560,0.641,0.727
157,Result of 0h_nonlightexposed_A1 Region1_Merged_RAW_ch01.tif:15120-13680,1.334,1.511,0.048,4.264,4380.783,4841.986,1.601,1.281,0.922,1.312,0.762,0.812
158,Result of 0h_nonlightexposed_A1 Region1_Merged_RAW_ch01.tif:15416-18539,22.670,2.182,1.058,17.761,5935.100,4934.867,5.124,5.445,0.903,1.139,0.878,0.940
159,Result of 0h_nonlightexposed_A1 Region1_Merged_RAW_ch01.tif:15649-18295,16.618,2.450,1.107,15.995,5856.951,5009.492,5.124,5.124,0.816,1.128,0.887,0.878
160,Result of 0h_nonlightexposed_A1 Region1_Merged_RAW_ch01.tif:15885-17014,14.053,1.022,0.058,14.636,5446.673,5085.718,5.124,4.164,0.824,1.306,0.766,0.887
161,Result of 0h_nonlightexposed_A1 Region1_Merged_RAW_ch01.tif:16144-13852,3.077,3.440,0.285,6.451,4435.551,5169.631,2.242,1.922,0.929,1.195,0.837,0.857
162,Result of 0h_nonlightexposed_A1 Region1_Merged_RAW_ch01.tif:16253-06523,19.080,3.539,0.396,16.370,2086.621,5202.941,5.124,5.124,0.895,1.101,0.908,0.914
163,Result of 0h_nonlightexposed_A1 Region1_Merged_RAW_ch01.tif:16510-14121,6.668,4.389,0.353,11.576,4522.026,5285.252,1.601,5.124,0.625,2.949,0.339,0.915
164,Result of 0h_nonlightexposed_A1 Region1_Merged_RAW_ch01.tif:16561-16710,25.337,1.004,0.008,19.120,5349.308,5301.266,5.445,6.085,0.871,1.171,0.854,0.923
165,Result of 0h_nonlightexposed_A1 Region1_Merged_RAW_ch01.tif:17373-12129,11.694,1.441,0.208,13.730,3882.748,5562.294,4.164,3.843,0.779,1.169,0.855,0.860
166,Result of 0h_nonlightexposed_A2 Region1_Merged_RAW_ch01.tif:00905-02791,3.795,2.013,0.363,6.904,892.939,288.892,2.242,2.242,1.000,1.289,0.776,0.902
167,Result of 0h_nonlightexposed_A2 Region1_Merged_RAW_ch01.tif:01015-10554,8.309,1.078,0.126,12.902,3378.629,322.842,3.523,4.804,0.627,2.699,0.371,0.798
168,Result of 0h_nonlightexposed_A2 Region1_Merged_RAW_ch01.tif:02628-03543,0.103,1.845,0.000,1.281,1134.750,841.695,0.320,0.320,0.785,1.000,1.000,1.000
169,Result of 0h_nonlightexposed_A2 Region1_Merged_RAW_ch01.tif:02642-03543,35.697,1.544,0.225,24.290,1130.907,842.976,7.687,6.406,0.760,1.221,0.819,0.895
170,Result of 0h_nonlightexposed_A2 Region1_Merged_RAW_ch01.tif:03137-14536,8.924,1.218,0.181,13.012,4654.302,1002.155,2.562,5.445,0.662,2.557,0.391,0.870
171,Result of 0h_nonlightexposed_A2 Region1_Merged_RAW_ch01.tif:03337-14321,69.651,1.278,0.275,32.022,4581.919,1063.969,9.608,9.929,0.854,1.048,0.955,0.931
172,Result of 0h_nonlightexposed_A2 Region1_Merged_RAW_ch01.tif:03409-08882,7.181,1.623,0.199,10.185,2843.121,1090.231,3.203,3.203,0.870,1.058,0.945,0.870
173,Result of 0h_nonlightexposed_A2 Region1_Merged_RAW_ch01.tif:03778-05978,27.389,1.184,0.040,19.729,1911.748,1206.813,6.085,6.406,0.884,1.061,0.942,0.921
174,Result of 0h_nonlightexposed_A2 Region1_Merged_RAW_ch01.tif:04022-08452,0.103,2.565,0.000,1.281,2707.002,1288.164,0.320,0.320,0.785,1.000,1.000,1.000
175,Result of 0h_nonlightexposed_A2 Region1_Merged_RAW_ch01.tif:04241-01406,1.846,3.255,0.393,4.717,449.672,1357.665,1.601,1.601,1.000,1.257,0.795,0.857
176,Result of 0h_nonlightexposed_A2 Region1_Merged_RAW_ch01.tif:04393-09488,11.797,1.972,0.382,13.090,3036.570,1405.066,4.484,3.843,0.865,1.340,0.746,0.888
177,Result of 0h_nonlightexposed_A2 Region1_Merged_RAW_ch01.tif:04617-05158,0.615,3.771,0.153,3.999,1651.361,1478.410,1.601,0.961,0.484,3.503,0.285,0.600
178,Result of 0h_nonlightexposed_A2 Region1_Merged_RAW_ch01.tif:04883-04315,4.206,4.609,0.315,7.545,1381.045,1562.644,2.242,2.562,0.928,1.091,0.917,0.872
179,Result of 0h_nonlightexposed_A2 Region1_Merged_RAW_ch01.tif:05188-08069,50.264,1.565,0.749,26.775,2580.172,1657.767,8.327,7.687,0.881,1.122,0.891,0.939
180,Result of 0h_nonlightexposed_A2 Region1_Merged_RAW_ch01.tif:05404-09210,15.079,3.821,0.360,14.559,2947.853,1728.228,3.843,5.124,0.894,1.317,0.760,0.925
181,Result of 0h_nonlightexposed_A2 Region1_Merged_RAW_ch01.tif:05908-03492,28.517,5.112,2.561,21.650,1115.213,1889.009,6.406,6.406,0.765,1.170,0.855,0.871
182,Result of 0h_nonlightexposed_A2 Region1_Merged_RAW_ch01.tif:06233-09762,6.668,1.621,0.239,9.919,3125.287,1994.701,2.883,3.203,0.852,1.244,0.804,0.884
183,Result of 0h_nonlightexposed_A2 Region1_Merged_RAW_ch01.tif:06329-07917,2.872,4.283,0.324,7.920,2535.012,2025.448,1.601,3.203,0.575,1.913,0.523,0.737
184,Result of 0h_nonlightexposed_A2 Region1_Merged_RAW_ch01.tif:06558-10750,4.821,0.999,1.197E-4,7.998,3442.044,2099.112,2.242,2.883,0.947,1.335,0.749,0.895
185,Result of 0h_nonlightexposed_A2 Region1_Merged_RAW_ch01.tif:06558-12395,17.438,1.034,0.100,15.917,3967.302,2098.151,5.124,4.804,0.865,1.144,0.874,0.912
186,Result of 0h_nonlightexposed_A2 Region1_Merged_RAW_ch01.tif:06907-13090,1.949,3.355,0.243,4.905,4191.818,2211.530,1.601,1.601,1.000,1.391,0.719,0.884
187,Result of 0h_nonlightexposed_A2 Region1_Merged_RAW_ch01.tif:07032-06805,5.847,2.901,0.227,8.826,2178.221,2250.924,2.883,2.562,0.943,1.032,0.969,0.912
188,Result of 0h_nonlightexposed_A2 Region1_Merged_RAW_ch01.tif:07209-03511,25.440,1.076,0.132,19.276,1121.619,2305.692,5.765,6.406,0.860,1.170,0.854,0.907
189,Result of 0h_nonlightexposed_A2 Region1_Merged_RAW_ch01.tif:07264-08820,10.873,1.718,0.639,12.184,2823.264,2324.589,3.523,4.164,0.920,1.122,0.891,0.910
190,Result of 0h_nonlightexposed_A2 Region1_Merged_RAW_ch01.tif:07981-16555,21.849,3.530,2.402,18.667,5299.345,2553.909,5.765,4.804,0.788,1.289,0.776,0.897
191,Result of 0h_nonlightexposed_A2 Region1_Merged_RAW_ch01.tif:08067-16592,0.615,1.585,0.095,3.358,5313.437,2583.374,1.281,0.961,0.686,2.810,0.356,0.750
192,Result of 0h_nonlightexposed_A2 Region1_Merged_RAW_ch01.tif:08994-03395,0.615,1.233,0.047,2.718,1087.029,2880.274,0.961,0.961,1.000,1.809,0.553,0.800
193,Result of 0h_nonlightexposed_A2 Region1_Merged_RAW_ch01.tif:09138-08063,42.263,1.005,0.014,42.207,2577.930,2922.550,8.968,8.648,0.298,1.148,0.871,0.698
194,Result of 0h_nonlightexposed_A2 Region1_Merged_RAW_ch01.tif:09695-03676,0.718,2.511,0.189,2.718,1177.027,3104.790,0.961,0.961,1.000,1.069,0.936,0.875
195,Result of 0h_nonlightexposed_A2 Region1_Merged_RAW_ch01.tif:09810-08614,5.026,1.026,0.075,8.716,2757.286,3140.661,3.203,2.562,0.831,1.251,0.799,0.824
196,Result of 0h_nonlightexposed_A2 Region1_Merged_RAW_ch01.tif:09925-11577,10.053,1.091,0.164,12.637,3705.954,3177.173,4.164,3.523,0.791,1.154,0.866,0.871
197,Result of 0h_nonlightexposed_A2 Region1_Merged_RAW_ch01.tif:10431-15009,31.081,1.960,0.442,20.744,4804.193,3337.633,6.085,6.726,0.908,1.128,0.887,0.938
198,Result of 0h_nonlightexposed_A2 Region1_Merged_RAW_ch01.tif:10436-09082,14.258,1.081,0.151,15.167,2906.537,3339.875,4.804,5.124,0.779,1.047,0.955,0.830
199,Result of 0h_nonlightexposed_A2 Region1_Merged_RAW_ch01.tif:10501-11514,3.385,1.272,0.079,7.810,3686.417,3361.974,2.562,2.562,0.697,1.717,0.582,0.767
200,Result of 0h_nonlightexposed_A2 Region1_Merged_RAW_ch01.tif:10698-10222,8.309,1.300,0.155,17.917,3271.015,3424.108,6.085,4.484,0.325,2.528,0.395,0.545
201,Result of 0h_nonlightexposed_A2 Region1_Merged_RAW_ch01.tif:11415-10518,4.001,2.962,0.204,8.075,3367.419,3654.709,2.883,2.562,0.771,2.215,0.451,0.821
202,Result of 0h_nonlightexposed_A2 Region1_Merged_RAW_ch01.tif:11654-14174,21.644,1.004,0.027,17.651,4537.079,3729.655,5.124,5.765,0.873,1.187,0.842,0.917
203,Result of 0h_nonlightexposed_A2 Region1_Merged_RAW_ch01.tif:11806-12720,19.695,1.006,0.024,16.636,4071.073,3778.978,5.765,4.804,0.894,1.204,0.831,0.919
204,Result of 0h_nonlightexposed_A2 Region1_Merged_RAW_ch01.tif:11942-15677,22.157,1.468,0.381,17.761,5018.780,3821.895,4.484,6.085,0.883,1.435,0.697,0.937
205,Result of 0h_nonlightexposed_A2 Region1_Merged_RAW_ch01.tif:12188-12141,13.643,2.109,0.482,14.293,3886.272,3901.645,4.804,3.843,0.839,1.417,0.706,0.899
206,Result of 0h_nonlightexposed_A2 Region1_Merged_RAW_ch01.tif:12914-07606,0.513,1.010,0.002,2.718,2435.726,4135.769,0.961,0.961,0.873,2.308,0.433,0.769
207,Result of 0h_nonlightexposed_A2 Region1_Merged_RAW_ch01.tif:13299-12653,3.283,1.306,0.195,6.904,4051.536,4258.116,1.922,2.562,0.865,1.628,0.614,0.842
208,Result of 0h_nonlightexposed_A2 Region1_Merged_RAW_ch01.tif:13398-05179,5.026,1.188,0.171,8.451,1657.446,4289.824,2.883,2.562,0.885,1.336,0.748,0.860
209,Result of 0h_nonlightexposed_A2 Region1_Merged_RAW_ch01.tif:14244-04610,2.770,1.363,0.202,5.998,1475.528,4561.100,1.922,1.922,0.967,1.467,0.682,0.885
210,Result of 0h_nonlightexposed_A2 Region1_Merged_RAW_ch01.tif:14741-08244,2.564,4.172,0.380,5.998,2639.423,4720.600,2.242,1.601,0.896,1.252,0.799,0.847
211,Result of 0h_nonlightexposed_A3 Region1_Merged_RAW_ch01.tif:03125-01650,0.103,2.862,0.000,0.906,528.461,1000.873,0.320,0.320,1.000,1.000,1.000,1.000
212,Result of 0h_nonlightexposed_A3 Region1_Merged_RAW_ch01.tif:03265-02440,35.697,1.045,0.126,23.462,777.639,1042.510,8.007,6.726,0.815,1.215,0.823,0.919
213,Result of 0h_nonlightexposed_A4 Region1_Merged_RAW_ch01.tif:00885-05238,18.772,1.574,0.499,15.917,1675.382,280.885,4.804,5.124,0.931,1.128,0.887,0.929
214,Result of 0h_nonlightexposed_A4 Region1_Merged_RAW_ch01.tif:01432-02504,10.053,4.450,0.513,11.356,800.058,457.039,3.843,3.523,0.980,1.031,0.969,0.925
215,Result of 0h_nonlightexposed_A4 Region1_Merged_RAW_ch01.tif:01487-06242,8.309,2.161,0.289,10.560,1997.904,474.654,2.883,3.523,0.936,1.206,0.829,0.920
216,Result of 0h_nonlightexposed_A4 Region1_Merged_RAW_ch01.tif:01545-08067,8.411,2.013,0.174,13.168,2581.773,492.590,4.164,4.484,0.610,2.638,0.379,0.800
217,Result of 0h_nonlightexposed_A4 Region1_Merged_RAW_ch01.tif:01555-04809,10.258,5.534,0.721,11.731,1538.302,496.433,3.843,3.523,0.937,1.431,0.699,0.930
218,Result of 0h_nonlightexposed_A4 Region1_Merged_RAW_ch01.tif:01997-05896,14.566,1.467,0.147,13.996,1886.126,637.356,4.484,4.484,0.934,1.124,0.890,0.922
219,Result of 0h_nonlightexposed_A4 Region1_Merged_RAW_ch01.tif:02694-01433,17.644,1.248,0.417,16.260,456.719,859.950,4.804,5.765,0.839,1.360,0.736,0.898
220,Result of 0h_nonlightexposed_A4 Region1_Merged_RAW_ch01.tif:02915-00097,106.272,1.812,0.792,38.318,25.302,927.850,11.850,11.530,0.910,1.023,0.978,0.961
221,Result of 0h_nonlightexposed_A4 Region1_Merged_RAW_ch01.tif:03299-05527,0.923,3.804,0.204,3.811,1769.865,1055.962,0.961,1.601,0.799,2.094,0.477,0.750
222,Result of 0h_nonlightexposed_A4 Region1_Merged_RAW_ch01.tif:03426-02863,11.284,1.168,0.097,12.372,915.039,1095.356,3.843,3.843,0.926,1.169,0.856,0.921
223,Result of 0h_nonlightexposed_A4 Region1_Merged_RAW_ch01.tif:03519-05528,8.514,3.955,0.693,10.825,1769.224,1125.142,2.883,3.843,0.913,1.318,0.758,0.907
224,Result of 0h_nonlightexposed_A4 Region1_Merged_RAW_ch01.tif:03744-01055,26.876,1.071,0.057,20.291,335.012,1195.924,6.085,6.406,0.820,1.410,0.709,0.896
225,Result of 0h_nonlightexposed_A4 Region1_Merged_RAW_ch01.tif:03783-03400,59.906,1.192,0.315,29.868,1083.826,1207.774,10.249,7.687,0.844,1.483,0.674,0.948
226,Result of 0h_nonlightexposed_A4 Region1_Merged_RAW_ch01.tif:03879-07438,5.744,1.443,0.054,8.638,2380.958,1241.083,2.562,2.883,0.967,1.257,0.796,0.911
227,Result of 0h_nonlightexposed_A4 Region1_Merged_RAW_ch01.tif:03923-02822,5.026,1.480,0.180,9.544,902.548,1255.175,2.883,2.883,0.693,1.469,0.681,0.797
228,Result of 0h_nonlightexposed_A4 Region1_Merged_RAW_ch01.tif:03936-02824,3.283,1.711,0.210,8.451,902.868,1259.659,3.203,2.242,0.578,1.571,0.637,0.688
229,Result of 0h_nonlightexposed_A4 Region1_Merged_RAW_ch01.tif:04268-02672,14.977,1.177,0.140,14.559,853.865,1364.711,3.843,4.804,0.888,1.260,0.793,0.924
230,Result of 0h_nonlightexposed_A4 Region1_Merged_RAW_ch01.tif:04475-05586,53.444,1.119,0.227,29.726,1783.957,1429.087,10.249,8.648,0.760,1.742,0.574,0.917
231,Result of 0h_nonlightexposed_A4 Region1_Merged_RAW_ch01.tif:04513-07271,9.335,3.005,0.200,11.466,2327.151,1443.820,3.523,3.523,0.892,1.147,0.871,0.892
232,Result of 0h_nonlightexposed_A4 Region1_Merged_RAW_ch01.tif:05429-04495,3.795,1.342,0.070,7.357,1438.696,1737.516,2.242,2.562,0.881,1.404,0.712,0.851
233,Result of 0h_nonlightexposed_A4 Region1_Merged_RAW_ch01.tif:05481-02694,9.540,2.286,0.248,11.543,860.911,1753.851,3.843,3.523,0.900,1.056,0.947,0.882
234,Result of 0h_nonlightexposed_A4 Region1_Merged_RAW_ch01.tif:05553-05025,0.718,1.255,0.070,2.718,1609.084,1778.192,0.961,0.961,1.000,1.069,0.936,0.875
235,Result of 0h_nonlightexposed_A4 Region1_Merged_RAW_ch01.tif:05867-06088,17.541,1.627,0.197,20.712,1946.979,1875.557,6.085,7.046,0.514,2.736,0.365,0.753
236,Result of 0h_nonlightexposed_A4 Region1_Merged_RAW_ch01.tif:06486-01405,0.103,2.542,0.000,1.281,449.993,2077.333,0.320,0.320,0.785,1.000,1.000,1.000
237,Result of 0h_nonlightexposed_A4 Region1_Merged_RAW_ch01.tif:06777-03796,31.492,1.386,0.153,23.197,1211.938,2167.652,7.687,6.085,0.735,1.627,0.615,0.886
238,Result of 0h_nonlightexposed_A4 Region1_Merged_RAW_ch01.tif:06958-03345,0.308,5.426,0.394,1.812,1071.015,2228.185,0.641,0.641,1.000,1.464,0.683,0.857
239,Result of 0h_nonlightexposed_A4 Region1_Merged_RAW_ch01.tif:06998-03206,19.080,1.964,0.283,16.558,1024.254,2239.074,5.445,4.804,0.875,1.106,0.904,0.912
240,Result of 0h_nonlightexposed_A4 Region1_Merged_RAW_ch01.tif:07689-07997,16.105,1.263,0.111,15.464,2559.033,2460.067,4.484,5.124,0.846,1.078,0.928,0.895
241,Result of 0h_nonlightexposed_A4 Region1_Merged_RAW_ch01.tif:08349-06447,36.313,1.096,0.139,22.931,2061.639,2670.491,6.726,7.046,0.868,1.068,0.936,0.924
242,Result of 0h_nonlightexposed_A4 Region1_Merged_RAW_ch01.tif:08451-03031,8.104,3.601,0.471,10.450,969.166,2705.081,3.203,3.523,0.933,1.063,0.940,0.898
243,Result of 0h_nonlightexposed_A4 Region1_Merged_RAW_ch01.tif:08541-11026,37.852,1.488,0.396,23.197,3527.879,2731.984,7.046,7.366,0.884,1.098,0.911,0.925
244,Result of 0h_nonlightexposed_A4 Region1_Merged_RAW_ch01.tif:10215-07963,32.518,3.844,0.505,20.932,2547.183,3268.452,6.406,6.406,0.933,1.009,0.992,0.945
245,Result of 0h_nonlightexposed_A4 Region1_Merged_RAW_ch01.tif:10427-09691,107.400,1.770,0.693,40.240,3097.743,3333.789,12.171,11.850,0.833,1.187,0.843,0.946
246,Result of 0h_nonlightexposed_A4 Region1_Merged_RAW_ch01.tif:10733-09146,7.283,6.355,0.494,9.919,2927.675,3436.279,3.203,2.883,0.930,1.032,0.969,0.916
247,Result of 0h_nonlightexposed_A4 Region1_Merged_RAW_ch01.tif:10900-08564,4.513,1.524,0.227,8.075,2741.593,3489.765,2.562,2.883,0.870,1.298,0.771,0.846
248,Result of 0h_nonlightexposed_A4 Region1_Merged_RAW_ch01.tif:11797-07853,27.183,1.284,0.231,19.838,2512.593,3775.135,5.445,6.726,0.868,1.317,0.760,0.927
249,Result of 0h_nonlightexposed_A4 Region1_Merged_RAW_ch01.tif:11849-07029,2.462,1.192,0.091,5.811,2250.604,3794.031,1.601,2.242,0.916,1.572,0.636,0.842
250,Result of 0h_nonlightexposed_A4 Region1_Merged_RAW_ch01.tif:11968-04648,4.616,1.180,0.079,8.185,1487.378,3831.824,2.562,2.562,0.866,1.233,0.811,0.849
251,Result of 0h_nonlightexposed_A4 Region1_Merged_RAW_ch01.tif:12366-07033,24.311,1.042,0.121,18.745,2249.964,3957.694,5.445,6.085,0.869,1.217,0.822,0.919
252,Result of 0h_nonlightexposed_A4 Region1_Merged_RAW_ch01.tif:12588-07123,31.184,1.198,0.213,21.838,2278.468,4027.835,5.765,7.687,0.822,1.590,0.629,0.918
